SchemaVersion,AugmentId,Seq,TriggerType,ConditionType,ConditionValue,EffectType,TargetType,Priority,Amount,ParamA,ParamB,ParamC,Enabled
1,warrior_recovery,1,TURN_START,HP_RATIO_LE,0.99,HEAL,SELF,100,1,,,,true
1,mage_focus,1,TURN_START,HP_RATIO_LE,0.99,HEAL,SELF,100,1,,,,true
1,archer_focus,1,TURN_START,HP_RATIO_LE,0.99,HEAL,SELF,100,1,,,,true
1,thief_focus,1,TURN_START,HP_RATIO_LE,0.99,HEAL,SELF,100,1,,,,true
1,pirate_focus,1,TURN_START,HP_RATIO_LE,0.99,HEAL,SELF,100,1,,,,true
1,skill_power,1,SKILL_BUILD,ALWAYS,0,SKILL_MODIFIER,SKILL,100,2,POWER,3,,true
1,skill_quick,1,SKILL_BUILD,ALWAYS,0,SKILL_MODIFIER,SKILL,100,1,QUICK,-2,,true
1,skill_volley,1,SKILL_BUILD,ALWAYS,0,SKILL_MODIFIER,SKILL,100,1,VOLLEY,2,,true
1,skill_compact,1,SKILL_BUILD,ALWAYS,0,SKILL_MODIFIER,SKILL,100,1,COMPACT,-2,,true
1,skill_area,1,SKILL_BUILD,ALWAYS,0,SKILL_MODIFIER,SKILL,100,1,AREA,3,,true
1,skill_range,1,SKILL_BUILD,ALWAYS,0,SKILL_MODIFIER,SKILL,100,1,RANGE,1,,true
1,skill_precise,1,SKILL_BUILD,ALWAYS,0,SKILL_MODIFIER,SKILL,100,2,PRECISE,1,,true
1,skill_zero_damage,1,SKILL_BUILD,ALWAYS,0,SKILL_MODIFIER,SKILL,100,1,ZERO_DAMAGE_FREE_LOAD,0,,true
1,skill_heal,1,SKILL_BUILD,ALWAYS,0,SKILL_MODIFIER,SKILL,100,2,HEAL_CHARGES,0,,true
1,hidden_power,1,SKILL_BUILD,ALWAYS,0,SKILL_MODIFIER,SKILL,100,2,POWER,0,HIDDEN,true
1,hidden_volley,1,SKILL_BUILD,ALWAYS,0,SKILL_MODIFIER,SKILL,100,1,VOLLEY,0,HIDDEN,true
1,hidden_area,1,SKILL_BUILD,ALWAYS,0,SKILL_MODIFIER,SKILL,100,1,AREA,0,HIDDEN,true
1,hidden_cooldown,1,SKILL_BUILD,ALWAYS,0,SKILL_MODIFIER,SKILL,100,2,HIDDEN_COOLDOWN,-2,HIDDEN,true
1,hidden_heal,1,SKILL_BUILD,ALWAYS,0,SKILL_MODIFIER,SKILL,100,1,HEAL_UNLIMITED,0,HIDDEN,true
