SchemaVersion,EnemyDefinitionId,PhaseIndex,PhaseId,HpRatioLE,PatternId,Enabled,IdleMotionRuid,MoveMotionRuid,HitMotionRuid,DeathMotionRuid
1,region_01_guardian_boss,1,OPENING,1.0,region_01_boss_phase_01,true,,,,
1,region_01_guardian_boss,2,ENRAGED,0.5,region_01_boss_phase_02,true,,,,
1,region_04_commander_skeleton,1,COMMAND,1.0,region_04_commander_phase_01,true,,,,
1,region_04_commander_skeleton,2,ENRAGED,0.5,region_04_commander_phase_02,true,,,,
1,region_kerning_dyle,1,OPENING,1.0,region_kerning_dyle_phase_01,true,,,,
1,region_kerning_dyle,2,ENRAGED,0.5,region_kerning_dyle_phase_02,true,,,,
1,region_05_king_clang,1,SHELL_GUARD,1.0,region_05_king_clang_phase_01,true,,,,
1,region_05_king_clang,2,OVERCHARGED,0.5,region_05_king_clang_phase_02,true,,,,
1,ellinia_faust,1,OPENING,1.0,ellinia_faust,true,,,,
1,region_06_food_cart,1,DORMANT,1.0,region_06_food_cart_phase_01,true,cfa8628b0600429da10170ac92e912c3,cfa8628b0600429da10170ac92e912c3,cfa8628b0600429da10170ac92e912c3,3462ebeccf2149afaa3c91405f7cfb20
1,region_06_food_cart,2,DINNER_RUSH,0.5,region_06_food_cart_phase_02,true,,,,
1,region_06_jr_balrog,1,OPENING,1.0,region_06_jr_balrog_phase_01,true,,,,
1,region_06_jr_balrog,2,ENRAGED,0.5,region_06_jr_balrog_phase_02,true,,,,
