SchemaVersion,EntryId,EnemyDefinitionId,SkillId,Priority,DamageSoundRuid,ImpactSoundRuid,HitEffectRuid,DeathSoundRuid
1,default,*,*,0,,38052d3003a941759a340ae28611d4dd,,
1,early_mushroom,early_mushroom,*,300,6eb2ef8a783c4393bd7ee6a2c199bda7,,,
1,guard_mushroom,guard_mushroom,*,300,6eb2ef8a783c4393bd7ee6a2c199bda7,,,
1,csv_retreat_mushroom,csv_retreat_mushroom,*,300,6eb2ef8a783c4393bd7ee6a2c199bda7,,,
1,csv_telegraph_mushroom,csv_telegraph_mushroom,*,300,6eb2ef8a783c4393bd7ee6a2c199bda7,,,
1,region_01_spore_ranged,region_01_spore_ranged,*,300,30401595b3734c6e9d00ddd299d2a459,,,8fb5827f7c0b48c29d9dace900d7fe75
1,region_01_guardian_boss,region_01_guardian_boss,*,300,c611ae50c5d84814a6d2ccfad8a472c5,7c8e5f1ef0b549c59aec820909458d4f,,d48ec1cc57a247028f390041fc89c97f
1,ellinia_slime,ellinia_slime,*,300,4623a7a5a7de4e09891c3f0a70f6fb39,,,
1,ellinia_bubbling,ellinia_bubbling,*,300,0230435a9ffb45c382b1c5fb8acc12c2,,,
1,ellinia_fairy,ellinia_fairy,*,300,64efffa44609420ab59e4f0dd9a6d9ef,,,
1,ellinia_royal_fairy,ellinia_royal_fairy,*,300,e2bee88b9f8a4a4caca5287165424af3,,,
1,ellinia_evil_eye,ellinia_evil_eye,*,300,ba58289ca17a4b469673f6be1adda40d,,,
1,ellinia_curse_eye,ellinia_curse_eye,*,300,bd517ccd5d074dfa988b9615088c2d19,,,
1,ellinia_cold_eye,ellinia_cold_eye,*,300,8d2fe6cfaa48476abc57f2f6b570e02f,,,
1,ellinia_surgeon_eye,ellinia_surgeon_eye,*,300,5b164a884dc74a20b4288233ec97d316,,,
1,ellinia_lupin,ellinia_lupin,*,300,d59798371a874edd8e55be01d94b5df4,4937ec25bb66454a970387b05f588ca6,,
1,ellinia_zombie_lupin,ellinia_zombie_lupin,*,300,f4adcd9009a642d3ab065f8ffa9fdee2,5490ef0a18ab4ddf8222ccc13dae39c9,,
1,ellinia_malady,ellinia_malady,*,300,f57ec8dc832c423f8fcccb03e459dd04,,,
1,ellinia_faust,ellinia_faust,*,300,6e576bff22fb40609123882edfa0d723,2aabf3819d5b4eb9a69a5144c27e5090,,
1,region_04_axe_stump,region_04_axe_stump,*,300,bcc1777320e547d092985fea3ebff559,,,
1,region_04_axe_stump_fallback,region_04_axe_stump,*,100,,8ddbe0fcbddf4cbf8d8c74d427b828c4,,
1,region_04_wild_boar,region_04_wild_boar,*,300,99a644b128b347e892a23011eca61cde,,,
1,region_04_skeleton_soldier,region_04_skeleton_soldier,*,300,002df6bfe5a14b6091ba140b53dbde8a,8f98d393b90e4fa99ad44984ea372489,,
1,region_04_commander_skeleton,region_04_commander_skeleton,*,300,fdeaf163a6224255b9c52871d9ba0a01,,,
1,region_04_commander_skeleton_fallback,region_04_commander_skeleton,*,100,,8ddbe0fcbddf4cbf8d8c74d427b828c4,,
1,region_kerning_stirge,region_kerning_stirge,*,300,69d7955129d74f939e28d24cefba58a7,,,
1,region_kerning_stirge_fallback,region_kerning_stirge,*,100,,8ddbe0fcbddf4cbf8d8c74d427b828c4,,
1,region_kerning_jr_wraith,region_kerning_jr_wraith,*,300,5412c134c4e743e0bb20d5fad50157c1,,,
1,region_kerning_jr_wraith_fallback,region_kerning_jr_wraith,*,100,,8ddbe0fcbddf4cbf8d8c74d427b828c4,,
1,region_kerning_wraith,region_kerning_wraith,*,300,fa97b21bee354e1180b779c5ef0b3066,,,
1,region_kerning_ligator,region_kerning_ligator,*,300,5ac7f36bb57a47ae98c43b25c3697692,,,
1,region_kerning_dyle,region_kerning_dyle,*,300,eadb0b6efee74c92bddfdcd4c5604efe,,,
1,region_kerning_jr_necki,region_kerning_jr_necki,*,300,fe85652078c143c69255af4edddad33a,,,53e057d84eb143e4a2cf517b7ccc52d7
1,region_kerning_croco,region_kerning_croco,*,300,1037731cc0034d2f897a80a6abd38aca,,,8a24e94aee1742308a6bf3faf87db144
1,region_kerning_shade,region_kerning_shade,*,300,6762c57de4734dc2b29212e791cf18d6,,,bf4559913d5c45eba58193efea89fc99
1,region_kerning_swamp_mud,region_kerning_swamp_mud,*,300,f8705d174c7f4d3da3abb1f7658fa9c9,,,2993f17999f94c44a3862d1b6594fde5
1,skill_commander_heavy_cleave,*,commander_heavy_cleave,200,,8ddbe0fcbddf4cbf8d8c74d427b828c4,,
1,skill_commander_heavy_cleave_enraged,*,commander_heavy_cleave_enraged,200,,8ddbe0fcbddf4cbf8d8c74d427b828c4,,
1,skill_region_04_axe_stump_basic_attack,*,region_04_axe_stump_basic_attack,200,,8ddbe0fcbddf4cbf8d8c74d427b828c4,,
1,skill_region_04_skeleton_soldier_basic_attack,*,region_04_skeleton_soldier_basic_attack,200,,8ddbe0fcbddf4cbf8d8c74d427b828c4,,
1,skill_region_kerning_stirge_basic_attack,*,region_kerning_stirge_basic_attack,200,,8ddbe0fcbddf4cbf8d8c74d427b828c4,,
1,skill_region_kerning_jr_wraith_basic_attack,*,region_kerning_jr_wraith_basic_attack,200,,8ddbe0fcbddf4cbf8d8c74d427b828c4,,
1,skill_enemy_charge,*,enemy_charge,200,,38052d3003a941759a340ae28611d4dd,,
1,skill_enemy_ranged_shot,*,enemy_ranged_shot,200,,38052d3003a941759a340ae28611d4dd,,
1,skill_ellinia_malady_bolt,*,ellinia_malady_bolt,200,,38052d3003a941759a340ae28611d4dd,,
1,skill_region_kerning_wraith_curse_shot,*,region_kerning_wraith_curse_shot,200,,38052d3003a941759a340ae28611d4dd,,
1,effect_ellinia_lupin,ellinia_lupin,ellinia_lupin_attack,400,,,b14a23141ea24a27aefc5c0071d7fa96,
1,effect_ellinia_zombie_lupin,ellinia_zombie_lupin,ellinia_zombie_lupin_attack,400,,,1af9badbf81e4664b87c273783170073,
1,region_06_wild_kargo,region_06_wild_kargo,*,300,d4fb1a31e46444b2aa1a83412cc1ae15,,,08926ad3074942348a29287fbdaa7e91
1,region_06_taurospear,region_06_taurospear,*,300,b020753389f94f39abc29826528508a5,,,ba51f048210d4c9bb0326dbbc6da2e84
1,region_06_tauromacis,region_06_tauromacis,*,300,dd3108a49bb44549a7d0ba53cb2dbd7d,,,c8d2adaa391548378d340f5ff469c64b
1,region_06_jr_balrog,region_06_jr_balrog,*,300,ebdc6045118f43b78f4d607cebaa58bc,,,5426f991bb464ae9af69332eeab59a71
1,skill_region_06_taurospear_thrust,*,region_06_taurospear_thrust,200,,53886556ff3e4d1c95e326a3ac4bbf1e,,
1,skill_region_06_taurospear_sweep,*,region_06_taurospear_sweep,200,,55c2fbeec8ae477cac8297cd77a586b0,,
1,skill_region_06_jr_balrog_flame_sweep,*,region_06_jr_balrog_flame_sweep,200,,464157c2cc2346ecb161e9e874aed48b,,
1,skill_region_06_jr_balrog_flame_sweep_enraged,*,region_06_jr_balrog_flame_sweep_enraged,200,,464157c2cc2346ecb161e9e874aed48b,,
1,region_04_mummydog,region_04_mummydog,*,300,f953084aff1e45cda271d6db4f95c050,,,09ecbff8403c45a89b1d51921ac7ac17
