SchemaVersion,PatternId,StepIndex,ActionType,ConditionType,TileId,TelegraphTurns,ParamA,ParamB,ParamC,NextStepOnSuccess,NextStepOnFailure,Enabled
1,prototype_tracker,1,EXECUTE_TILE,DISTANCE_EQ,basic_slash,0,1,,,1,2,true
1,prototype_tracker,2,TURN_TO_PLAYER,ALWAYS,,0,,,,1,3,true
1,prototype_tracker,3,MOVE_TOWARD,CELL_FREE,,0,TOWARD_PLAYER,,,1,4,true
1,prototype_tracker,4,WAIT,ALWAYS,,0,,,,1,1,true
1,prototype_fixed,1,EXECUTE_TILE,DISTANCE_EQ,basic_slash,0,1,,,1,2,true
1,prototype_fixed,2,MOVE_FIXED_FACING,CELL_FREE,,0,FRONT,,,1,3,true
1,prototype_fixed,3,WAIT,ALWAYS,,0,,,,1,1,true
1,prototype_retreat,1,MOVE_AWAY,CELL_FREE,,0,AWAY_FROM_PLAYER,,,1,2,true
1,prototype_retreat,2,WAIT,ALWAYS,,0,,,,1,1,true
1,prototype_telegraph,1,TELEGRAPH_TILE,ALWAYS,basic_slash,2,,,,2,1,true
1,prototype_telegraph,2,EXECUTE_TILE,DISTANCE_EQ,basic_slash,0,1,,,1,3,true
1,prototype_telegraph,3,WAIT,ALWAYS,,0,,,,1,1,true
1,region_01_ranged_basic,1,EXECUTE_TILE,DISTANCE_LE,enemy_ranged_shot,0,3,,,1,2,true
1,region_01_ranged_basic,2,TURN_TO_PLAYER,ALWAYS,,0,,,,1,3,true
1,region_01_ranged_basic,3,MOVE_TOWARD,CELL_FREE,,0,TOWARD_PLAYER,,,1,4,true
1,region_01_ranged_basic,4,WAIT,ALWAYS,,0,,,,1,1,true
1,region_01_boss_phase_01,1,EXECUTE_TILE,DISTANCE_LE,enemy_ranged_shot,0,3,,,1,2,true
1,region_01_boss_phase_01,2,TURN_TO_PLAYER,ALWAYS,,0,,,,1,3,true
1,region_01_boss_phase_01,3,MOVE_TOWARD,CELL_FREE,,0,TOWARD_PLAYER,,,1,4,true
1,region_01_boss_phase_01,4,WAIT,ALWAYS,,0,,,,1,1,true
1,region_01_boss_phase_02,1,TELEGRAPH_TILE,ALWAYS,boss_sweeping_strike,1,,,,2,1,true
1,region_01_boss_phase_02,2,EXECUTE_TILE,DISTANCE_LE,boss_sweeping_strike,0,2,,,1,3,true
1,region_01_boss_phase_02,3,TURN_TO_PLAYER,ALWAYS,,0,,,,1,4,true
1,region_01_boss_phase_02,4,MOVE_TOWARD,CELL_FREE,,0,TOWARD_PLAYER,,,1,5,true
1,region_01_boss_phase_02,5,WAIT,ALWAYS,,0,,,,1,1,true
