PoolId,EnemyDefinitionId,EnemyModelId,Weight,MinWaveIndex,MaxWaveIndex
region_01_stage_01_pool,early_mushroom,battledummyenemy,4,1,3
region_01_stage_02_pool,early_mushroom,battledummyenemy,3,1,3
region_01_stage_02_pool,region_01_spore_ranged,region01rangedspore,1,2,3
region_01_stage_03_pool,early_mushroom,battledummyenemy,2,1,4
region_01_stage_03_pool,region_01_spore_ranged,region01rangedspore,1,2,4
region_01_stage_04_boss_pool,region_01_guardian_boss,region01mushmomboss,1,1,1
csv_authoring_test,csv_retreat_mushroom,battledummyenemy,1,1,1
csv_authoring_test,csv_telegraph_mushroom,battledummyenemy,1,1,1
region_05_stage_01_pool,region_05_blue_ribbon_pig,region05blueribbonpig,1,1,3
region_05_stage_02_pool,region_05_yellow_starfish,region05yellowstarfish,3,1,3
region_05_stage_02_pool,region_05_jellyfish,region05jellyfish,1,2,3
region_05_stage_03_pool,region_05_angry_starfish,region05angrystarfish,3,1,4
region_05_stage_03_pool,region_05_cool_jellyfish,region05cooljellyfish,1,2,4
region_05_stage_03_pool,region_05_clang,region05clang,2,2,4
region_05_stage_04_boss_pool,region_05_king_clang,region05kingclang,1,1,1
