SchemaVersion,SkillId,DisplayName,SkillTags,TargetingType,Range,TargetOffsets,CooldownTurns,CostType,CostValue,MotionProfileId,EffectSetId,RequiredJobTag,ActionDuration,FreePlay,CastEffectRuid,HitEffectRuid,EffectScale,WeaponType,ProjectileRuid,ProjectileSpeed,ProjectileScale,ProjectileLaunchDelay,IconRuid,SkillTier,BaseSkillId,CasterMotionRuid,CasterMotionPlayRate,CasterMotionDuration,EnemyQueueTurns,HudIconRuid,ProjectileCount,ProjectileInterval,ProjectileHeight
1,enemy_basic_attack,적 공격,attack|enemy,FRONT_CELL,1,,0,,0,basic_slash,enemy_basic_attack_effects,,0.45,false,79c9b3b094dd49eda90e80d178f0ff28,eed46092f65940a7a8e77a1bd8e2aa75,0.45,,,0,1,0,,1,,6df12df0c9ce4caea61385606a4d40d3,1.8,0.3,1,1c9e959f579149f8afc8527c29a34bee,1,0,0
1,enemy_ranged_shot,포자탄,attack|enemy|ranged|spore,FIRST_ENEMY_FORWARD,2,,5,,0,basic_slash,enemy_ranged_shot_effects,,0.45,false,ee74ad8d798c489d957a32cf3c375490,46d455727f6f45638af0a0a84c413bf2,0.55,,,0,1,0,,1,,4a0350be4a734dffac3f0f14d20caaf6,1.6,0.35,1,ee74ad8d798c489d957a32cf3c375490,1,0,0
1,boss_basic_strike,머쉬맘 몸통박치기,attack|enemy|boss|melee,FRONT_CELL,1,,0,,0,heavy_slash,boss_basic_strike_effects,,0.65,false,,05113e9dc86448cb8581731824106d75,0.75,,,0,1,0,,1,,90c5456e2a8a45478df02500797a9afd,1.25,0.55,1,1c9e959f579149f8afc8527c29a34bee,,,
1,boss_jump_slam,머쉬맘 점프 착지,attack|enemy|boss|area|telegraph,RANGE_OFFSETS,2,1|2,2,,0,heavy_slash,boss_jump_slam_effects,,0.85,false,79c9b3b094dd49eda90e80d178f0ff28,eed46092f65940a7a8e77a1bd8e2aa75,0.85,,,0,1,0,,1,,5ecbcc4002a5491aafd7e1d3191c6ddc,1.0,0.75,1,51810d6da2c14a0ab7bcd81da824dd3d,,,
1,boss_push_strike,머쉬맘 밀치기,attack|enemy|boss|control,FRONT_CELL,1,,2,,0,heavy_slash,boss_push_strike_effects,,0.75,false,05113e9dc86448cb8581731824106d75,eed46092f65940a7a8e77a1bd8e2aa75,0.8,,,0,1,0,,1,,b9345875a8134c7c9a1b6aed8551d808,1.2,0.55,1,5f2e9091f9454b0cbe556deab61f6e36,,,
1,nautilus_pig_charge,파란 리본돼지 돌진,attack|enemy|melee|nautilus,FRONT_CELL,1,,0,,0,basic_slash,nautilus_pig_charge_effects,,0.5,false,79c9b3b094dd49eda90e80d178f0ff28,05113e9dc86448cb8581731824106d75,0.55,,,0,1,0,,1,,b4b0c35338e5479fa7ad54a6a4944ad4,1.35,0.42,1,1c9e959f579149f8afc8527c29a34bee,1,0,0
1,nautilus_yellow_starfish_bite,노란 불가사리 물기,attack|enemy|melee|nautilus,FRONT_CELL,1,,0,,0,basic_slash,nautilus_yellow_starfish_bite_effects,,0.45,false,,05113e9dc86448cb8581731824106d75,0.5,,,0,1,0,,1,,0d3bdd0ddc8941658b2930f6759ea4d4,1.2,0.4,1,a5eeac5b7ca14ca7933012b2987fbe33,1,0,0
1,nautilus_jelly_shock,젤리피쉬 전기 충격,attack|enemy|ranged|electric|nautilus,FIRST_ENEMY_FORWARD,2,,3,,0,basic_slash,nautilus_jelly_shock_effects,,0.55,false,ee74ad8d798c489d957a32cf3c375490,46d455727f6f45638af0a0a84c413bf2,0.6,,,0,1,0,,1,,3635d476ce654afd8651b52886b077c0,1.25,0.45,1,3780d61bea3b4779a9d07b5baec0b23a,1,0,0
1,nautilus_angry_starfish_charge,화난 불가사리 돌진,attack|enemy|melee|charge|telegraph|nautilus,FRONT_CELL,1,,2,,0,basic_slash,nautilus_angry_starfish_charge_effects,,0.6,false,79c9b3b094dd49eda90e80d178f0ff28,05113e9dc86448cb8581731824106d75,0.65,,,0,1,0,,1,,0d3bdd0ddc8941658b2930f6759ea4d4,1.35,0.5,0,f20793ccb072484b976c157af2d5dcbf,1,0,0
1,nautilus_cool_jelly_shock,쿨 젤리피쉬 전기 충격,attack|enemy|ranged|electric|nautilus,FIRST_ENEMY_FORWARD,2,,4,,0,basic_slash,nautilus_cool_jelly_shock_effects,,0.65,false,ee74ad8d798c489d957a32cf3c375490,46d455727f6f45638af0a0a84c413bf2,0.75,,,0,1,0,,1,,aef6048234a447c993fbdac54940f8f9,1.2,0.55,2,f7e3814658eb4975b90d47e11ca0e170,1,0,0
1,nautilus_clang_claw,클랑 집게 공격,attack|enemy|melee|crab|nautilus,FRONT_CELL,1,,1,,0,heavy_slash,nautilus_clang_claw_effects,,0.6,false,,05113e9dc86448cb8581731824106d75,0.65,,,0,1,0,,1,,88d8aa3c8f1b412983cd2d6d1998087e,1.2,0.5,1,755ec1dbfbbd4895b73c03de4e8d9e04,1,0,0
1,nautilus_king_clang_claw,킹크랑 집게 강타,attack|enemy|boss|melee|crab|nautilus,FRONT_CELL,1,,1,,0,heavy_slash,nautilus_king_clang_claw_effects,,0.7,false,,8394705c13394b78a8b9a38e1313cb22,0.8,,,0,1,0,,1,,6c57e47e917549689f8aebd5494ee338,1.0,0.6,1,ad4304f4d5654158aca63c8c142d5035,1,0,0
1,nautilus_king_clang_bubble_cannon,킹크랑 버블 캐논,attack|enemy|boss|ranged|cast|interruptible|nautilus,RANGE_OFFSETS,3,1|2|3,3,,0,heavy_slash,nautilus_king_clang_bubble_cannon_effects,,0.9,false,ee74ad8d798c489d957a32cf3c375490,8394705c13394b78a8b9a38e1313cb22,0.9,,,0,1,0,,1,,5b035ddefea846689d13344c381d68a4,0.8,0.8,0,ee74ad8d798c489d957a32cf3c375490,1,0,0
