SchemaVersion,StartingSkillSetId,SlotIndex,SkillId,Count,Enabled
1,warrior_start,1,brandish,1,true
1,warrior_start,2,divine_swing,1,true
1,warrior_start,3,spear_pulling,1,true
1,mage_start,1,cold_beam,1,true
1,mage_start,2,thunder_bolt,1,true
1,mage_start,3,flame_orb,1,true
1,mage_start,4,poison_breath,1,true
1,mage_start,5,holy_arrow,1,true
1,mage_start,6,heal,1,true
1,archer_start,1,piercing,1,true
1,archer_start,2,arrow_bomb,1,true
1,archer_start,3,cardinal_discharge,1,true
1,thief_start,1,shuriken_burst,1,true
1,thief_start,2,savage_blow,1,true
1,thief_start,3,fatal_blow,1,true
1,pirate_start,1,magnum_shot,1,true
1,pirate_start,2,shock_wave,1,true
1,pirate_start,3,slug_shot,1,true
