RelicId,DisplayName,IconImageRUID,EffectDescription,AttackBonus,MaxHpBonus,DefenseBonus
cracked_glasses,금이 간 안경,thumbnail://6374adc25b004cc98b6b7104bf73f669,공격력 +1,1,0,0
romeo_pendant,로미오의 펜던트,f56bdd53b8c34776bab8abc5f312dae0,공격력 +1,1,0,0
juliet_pendant,줄리엣의 펜던트,53373966ec794b46931cd958b12eae9f,공격력 +1,1,0,0
eternal_love_token,영원한 사랑의 증표,f26341f2fb0c48bbb569a156d0ba74e4,공격력 +1,1,0,0
michael_new_glasses,미카엘의 새 안경,thumbnail://fb566010625a421c8b20a62a4956caf9,공격력 +1,1,0,0
michaela_new_glasses,미카엘라의 새 안경,thumbnail://4934c386b51f43a49986f111156a4704,공격력 +1,1,0,0
ice_knight_earring,아이스나이트의 얼음귀고리,thumbnail://a222a66727804543912a565b02171e0a,공격력 +1,1,0,0
ice_knight_shoulder,아이스나이트의 어깨장식,4d79b44dc1a847aea508e30c991ec3a2,방어력 +1,0,0,1
mastaria_shoulder,마스테리아 견장,a0ba9efe6b474d04827a80a1dfb822ba,방어력 +1,0,0,1
kenta_new_goggles,켄타의 새 물안경,thumbnail://69d109835ebb434ab24c69ae547e3bd3,공격력 +1,1,0,0
rex_green_earring,완전한 렉스의 그린 이어링,thumbnail://36dcdbeb39f3444a9e9e0e580138dcf9,공격력 +1,1,0,0
rex_red_earring,완전한 렉스의 레드 이어링,thumbnail://3c47c4b9711448f0b0a14b03ed076118,공격력 +1,1,0,0
rex_blue_earring,완전한 렉스의 블루 이어링,thumbnail://8ecef330c5214ac59ec7a1ac0e76172e,공격력 +1,1,0,0
altaire_earring,알테어 이어링,thumbnail://e9355fcdad2b428aac5e9372b9b471b8,공격력 +1,1,0,0
dazzling_altaire_earring,눈부신 알테어 이어링,thumbnail://2720728e95334e0d8556658efcb802bf,공격력 +1,1,0,0
shining_altaire_earring,빛나는 알테어 이어링,thumbnail://ab75a88457f343e3a95c1bac820210fd,공격력 +1,1,0,0
ice_knight_chain_crampon,아이스나이트의 체인 아이젠,2524f90af81f4f2dbba9a615bab36639,최대 체력 +1,0,1,0
common_davy_john_hat,흔한 데비존의 모자,thumbnail://fe7967e786724b73bb88cf93ff2155f0,최대 체력 +1,0,1,0
cliche_davy_john_hat,진부한 데비존의 모자,thumbnail://fe7967e786724b73bb88cf93ff2155f0,최대 체력 +1,0,1,0
greedy_davy_john_hat,탐욕의 데비존의 모자,thumbnail://fe7967e786724b73bb88cf93ff2155f0,최대 체력 +1,0,1,0
davy_john_hat,데비존의 모자,thumbnail://fe7967e786724b73bb88cf93ff2155f0,최대 체력 +1,0,1,0
plain_davy_john_hat,평범한 데비존의 모자,thumbnail://fe7967e786724b73bb88cf93ff2155f0,최대 체력 +1,0,1,0
decent_davy_john_hat,무난한 데비존의 모자,thumbnail://fe7967e786724b73bb88cf93ff2155f0,최대 체력 +1,0,1,0
stylish_davy_john_hat,폼나는 데비존의 모자,thumbnail://fe7967e786724b73bb88cf93ff2155f0,최대 체력 +1,0,1,0
von_leon_war_belt,반 레온 워 벨트,58a0381f76a84fe6bc88bbda56ebf69b,방어력 +1,0,0,1
rice_cake_one,머리위에 떡 하나,thumbnail://a7582f0d8dbc4a96941af7ad54470280,최대 체력 +1,0,1,0
rice_cake_two,머리위에 떡 두개,thumbnail://a7582f0d8dbc4a96941af7ad54470280,최대 체력 +1,0,1,0
rainbow_rice_cake,머리위에 무지개떡,thumbnail://d2d3fe084a2a4c3d800bbe1387302b82,최대 체력 +1,0,1,0
sticky_shoes,끈적끈적한 신발,thumbnail://9457d890159c47b38f33943640709bc3,최대 체력 +1,0,1,0
soft_shoes,말랑말랑한 신발,thumbnail://520504486538431c9138366054fc204f,최대 체력 +1,0,1,0
squishy_shoes,물컹물컹한 신발,thumbnail://ca7f7822742f40abba4368cde7d791f1,최대 체력 +1,0,1,0
tangyoon_chef_outfit,탕윤의 요리사옷,thumbnail://da816de0cf564e9d94607d562d4122c4,방어력 +1,0,0,1
tangyoon_chef_hat,탕윤의 요리모자,thumbnail://8cc2d00852d94ea6a81963c86bef105f,최대 체력 +1,0,1,0
