SchemaVersion,ShopEntryId,ShopId,DisplayName,RewardType,RewardRefId,RewardAmount,PriceCurrencyId,PriceAmount,DisplayOrder,MaxPurchasesPerRun,ItemCategory,IconImageRUID,Enabled
1,cracked_glasses,shop_relic,금이 간 안경,ITEM,cracked_glasses,1,gold,40,1,1,EYE_ACCESSORY,thumbnail://6374adc25b004cc98b6b7104bf73f669,true
1,romeo_pendant,shop_relic,로미오의 펜던트,ITEM,romeo_pendant,1,gold,75,2,1,PENDANT,f56bdd53b8c34776bab8abc5f312dae0,true
1,juliet_pendant,shop_relic,줄리엣의 펜던트,ITEM,juliet_pendant,1,gold,60,3,1,PENDANT,53373966ec794b46931cd958b12eae9f,true
1,eternal_love_token,shop_relic,영원한 사랑의 증표,ITEM,eternal_love_token,1,gold,40,4,1,PENDANT,f26341f2fb0c48bbb569a156d0ba74e4,true
1,michael_new_glasses,shop_relic,미카엘의 새 안경,ITEM,michael_new_glasses,1,gold,40,5,1,EYE_ACCESSORY,thumbnail://fb566010625a421c8b20a62a4956caf9,true
1,michaela_new_glasses,shop_relic,미카엘라의 새 안경,ITEM,michaela_new_glasses,1,gold,40,6,1,EYE_ACCESSORY,thumbnail://4934c386b51f43a49986f111156a4704,true
1,ice_knight_earring,shop_relic,아이스나이트의 얼음귀고리,ITEM,ice_knight_earring,1,gold,40,7,1,EAR_ACCESSORY,thumbnail://a222a66727804543912a565b02171e0a,true
1,ice_knight_shoulder,shop_relic,아이스나이트의 어깨장식,ITEM,ice_knight_shoulder,1,gold,70,8,1,SHOULDER,4d79b44dc1a847aea508e30c991ec3a2,true
1,mastaria_shoulder,shop_relic,마스테리아 견장,ITEM,mastaria_shoulder,1,gold,45,9,1,SHOULDER,a0ba9efe6b474d04827a80a1dfb822ba,true
1,kenta_new_goggles,shop_relic,켄타의 새 물안경,ITEM,kenta_new_goggles,1,gold,40,10,1,EYE_ACCESSORY,thumbnail://69d109835ebb434ab24c69ae547e3bd3,true
1,rex_green_earring,shop_relic,완전한 렉스의 그린 이어링,ITEM,rex_green_earring,1,gold,40,11,1,EAR_ACCESSORY,thumbnail://36dcdbeb39f3444a9e9e0e580138dcf9,true
1,rex_red_earring,shop_relic,완전한 렉스의 레드 이어링,ITEM,rex_red_earring,1,gold,40,12,1,EAR_ACCESSORY,thumbnail://3c47c4b9711448f0b0a14b03ed076118,true
1,rex_blue_earring,shop_relic,완전한 렉스의 블루 이어링,ITEM,rex_blue_earring,1,gold,40,13,1,EAR_ACCESSORY,thumbnail://8ecef330c5214ac59ec7a1ac0e76172e,true
1,altaire_earring,shop_relic,알테어 이어링,ITEM,altaire_earring,1,gold,65,14,1,EAR_ACCESSORY,thumbnail://e9355fcdad2b428aac5e9372b9b471b8,true
1,dazzling_altaire_earring,shop_relic,눈부신 알테어 이어링,ITEM,dazzling_altaire_earring,1,gold,40,15,1,EAR_ACCESSORY,thumbnail://2720728e95334e0d8556658efcb802bf,true
1,shining_altaire_earring,shop_relic,빛나는 알테어 이어링,ITEM,shining_altaire_earring,1,gold,40,16,1,EAR_ACCESSORY,thumbnail://ab75a88457f343e3a95c1bac820210fd,true
1,ice_knight_chain_crampon,shop_relic,아이스나이트의 체인 아이젠,ITEM,ice_knight_chain_crampon,1,gold,35,17,1,SHOES,2524f90af81f4f2dbba9a615bab36639,true
1,common_davy_john_hat,shop_relic,흔한 데비존의 모자,ITEM,common_davy_john_hat,1,gold,35,18,1,HAT,thumbnail://fe7967e786724b73bb88cf93ff2155f0,true
1,cliche_davy_john_hat,shop_relic,진부한 데비존의 모자,ITEM,cliche_davy_john_hat,1,gold,35,19,1,HAT,thumbnail://fe7967e786724b73bb88cf93ff2155f0,true
1,greedy_davy_john_hat,shop_relic,탐욕의 데비존의 모자,ITEM,greedy_davy_john_hat,1,gold,60,20,1,HAT,thumbnail://fe7967e786724b73bb88cf93ff2155f0,true
1,davy_john_hat,shop_relic,데비존의 모자,ITEM,davy_john_hat,1,gold,35,21,1,HAT,thumbnail://fe7967e786724b73bb88cf93ff2155f0,true
1,plain_davy_john_hat,shop_relic,평범한 데비존의 모자,ITEM,plain_davy_john_hat,1,gold,35,22,1,HAT,thumbnail://fe7967e786724b73bb88cf93ff2155f0,true
1,decent_davy_john_hat,shop_relic,무난한 데비존의 모자,ITEM,decent_davy_john_hat,1,gold,35,23,1,HAT,thumbnail://fe7967e786724b73bb88cf93ff2155f0,true
1,stylish_davy_john_hat,shop_relic,폼나는 데비존의 모자,ITEM,stylish_davy_john_hat,1,gold,35,24,1,HAT,thumbnail://fe7967e786724b73bb88cf93ff2155f0,true
1,von_leon_war_belt,shop_relic,반 레온 워 벨트,ITEM,von_leon_war_belt,1,gold,80,25,1,BELT,58a0381f76a84fe6bc88bbda56ebf69b,true
1,rice_cake_one,shop_relic,머리위에 떡 하나,ITEM,rice_cake_one,1,gold,55,26,1,HAT,thumbnail://a7582f0d8dbc4a96941af7ad54470280,true
1,rice_cake_two,shop_relic,머리위에 떡 두개,ITEM,rice_cake_two,1,gold,35,27,1,HAT,thumbnail://a7582f0d8dbc4a96941af7ad54470280,true
1,rainbow_rice_cake,shop_relic,머리위에 무지개떡,ITEM,rainbow_rice_cake,1,gold,35,28,1,HAT,thumbnail://d2d3fe084a2a4c3d800bbe1387302b82,true
1,sticky_shoes,shop_relic,끈적끈적한 신발,ITEM,sticky_shoes,1,gold,35,29,1,SHOES,thumbnail://9457d890159c47b38f33943640709bc3,true
1,soft_shoes,shop_relic,말랑말랑한 신발,ITEM,soft_shoes,1,gold,35,30,1,SHOES,thumbnail://520504486538431c9138366054fc204f,true
1,squishy_shoes,shop_relic,물컹물컹한 신발,ITEM,squishy_shoes,1,gold,35,31,1,SHOES,thumbnail://ca7f7822742f40abba4368cde7d791f1,true
1,tangyoon_chef_outfit,shop_relic,탕윤의 요리사옷,ITEM,tangyoon_chef_outfit,1,gold,45,32,1,OUTFIT,thumbnail://da816de0cf564e9d94607d562d4122c4,true
1,tangyoon_chef_hat,shop_relic,탕윤의 요리모자,ITEM,tangyoon_chef_hat,1,gold,50,33,1,HAT,thumbnail://8cc2d00852d94ea6a81963c86bef105f,true
1,work_gloves,shop_relic,노가다 목장갑,ITEM,work_gloves,1,gold,40,34,1,GLOVES,thumbnail://2e58683f2f094f099a0813c36e278dd5,true
1,icarus_cape,shop_relic,이카루스의 망토,ITEM,icarus_cape,1,gold,40,35,1,CAPE,thumbnail://06f3692b69e24e98b3a267cfb3a7ffa6,true
1,ragged_cape,shop_relic,허름한 망토,ITEM,ragged_cape,1,gold,35,36,1,CAPE,thumbnail://c33def64db8b48f39b7b125fab1092e1,true
1,half_earrings,shop_relic,하프이어링,ITEM,half_earrings,1,gold,65,37,1,EAR_ACCESSORY,thumbnail://837093d12dd344e59956d8f88f1aaf34,true
1,pot_lid,shop_relic,냄비뚜껑,ITEM,pot_lid,1,gold,70,38,1,SHIELD,thumbnail://cac1c0e955b541ca9e7c766a9a4b57c5,true
1,esther_shield,shop_relic,에스터 실드,ITEM,esther_shield,1,gold,45,39,1,SHIELD,thumbnail://cf9c4cf00867437a972e6bdfd6727274,true
1,pinocchio_nose,shop_relic,피노키오 코,ITEM,pinocchio_nose,1,gold,40,40,1,FACE_ACCESSORY,thumbnail://fb8444ed73364cf497f4ecf2bcc9243e,true
1,moon_bunny_cape,shop_relic,월묘 망토,ITEM,moon_bunny_cape,1,gold,55,41,1,CAPE,thumbnail://c1231944b5b14363a2ddf4080c802085,true
1,bronze_arrow,shop_relic,청동화살,ITEM,bronze_arrow,1,gold,40,42,1,AMMO,2ed514140adc45f6baaadc7c0fae7f2c,true
1,split_bullet,shop_relic,스플릿 불릿,ITEM,split_bullet,1,gold,40,43,1,AMMO,fab46f5d63c34d0e9d832021db4ee805,true
1,steel_shield,shop_relic,강철방패,ITEM,steel_shield,1,gold,40,44,1,SHIELD,thumbnail://fd893baf636d4d288643550c724d1535,true
1,ilbi_throwing_star,shop_relic,뇌전 수리검,ITEM,ilbi_throwing_star,1,gold,40,45,1,AMMO,f501c1cdba1f4b25b5a62449e504ab88,true
1,power_medal,shop_relic,파워스 메달,ITEM,power_medal,1,gold,40,46,1,PENDANT,d5cc33ccae844ba3b41d9c553f52200a,true
1,platinum_book,shop_relic,백금의 서 <서장>,ITEM,platinum_book,1,gold,40,47,1,SHIELD,58a5ba72781a467196e2a42112b43bda,true
1,breeze_feather,shop_relic,브리즈 페더,ITEM,breeze_feather,1,gold,40,48,1,AMMO,360acfc5aab24a019e1b32a514bb305f,true
1,wrist_band,shop_relic,리스트 밴드,ITEM,wrist_band,1,gold,40,49,1,GLOVES,1e01b33c1b334e0493ef33b806242252,true
1,hiding_shadow,shop_relic,하이딩 섀도우,ITEM,hiding_shadow,1,gold,40,50,1,SHIELD,38044ea122f7440f8cadeea6c9c27f8c,true
