SchemaVersion,SkillId,DisplayName,SkillTags,TargetingType,Range,TargetOffsets,CooldownTurns,CostType,CostValue,MotionProfileId,EffectSetId,RequiredJobTag,ActionDuration,FreePlay,CastEffectRuid,HitEffectRuid,EffectScale
1,basic_slash,기본 베기,attack|starter,FRONT_CELL,1,,0,,0,basic_slash,basic_slash_effects,,0.45,false,522793cef4ff4b79bdf73b9eda9386f8,dad03b3a528348bf98295b01edd621a4,1.0
1,quick_slash,빠른 베기,attack|starter|freeplay,FRONT_CELL,1,,0,,0,basic_slash,basic_slash_effects,,0.35,true,522793cef4ff4b79bdf73b9eda9386f8,dad03b3a528348bf98295b01edd621a4,0.85
1,heavy_slash,강한 베기,attack|heavy,FRONT_CELL,1,,1,,0,heavy_slash,heavy_slash_effects,,0.70,false,eaa71284041b4c8390c32ade11286e16,3ebd5d6967394c2589408f69c2bc5c54,1.1
1,push,밀치기,control|displacement,FRONT_CELL,1,,1,,0,push,push_effects,,0.40,false,fcb97ab7028247479be0ef51faa5a832,98c9c6875d3a4f72a5628139155e456f,1.0
1,slash_push_combo,베고 밀치기,attack|control|combo,FRONT_CELL,1,,2,,0,basic_slash,slash_push_combo_effects,,0.55,false,522793cef4ff4b79bdf73b9eda9386f8,98c9c6875d3a4f72a5628139155e456f,1.0
1,prototype_line_slash,직선 베기,attack|prototype,FIRST_ENEMY_FORWARD,3,,0,,0,basic_slash,line_slash_effects,,0.45,false,522793cef4ff4b79bdf73b9eda9386f8,dad03b3a528348bf98295b01edd621a4,1.0
1,prototype_sweep,범위 베기,attack|prototype|area,RANGE_OFFSETS,2,1|2,0,,0,heavy_slash,sweep_effects,,0.60,false,eaa71284041b4c8390c32ade11286e16,3ebd5d6967394c2589408f69c2bc5c54,1.1
1,csv_long_jab,장거리 찌르기,attack|csv_example,FIRST_ENEMY_FORWARD,2,,1,,0,basic_slash,csv_long_jab_effects,,0.40,false,522793cef4ff4b79bdf73b9eda9386f8,dad03b3a528348bf98295b01edd621a4,0.9
1,csv_split_sweep,갈라치기,attack|csv_example|area,RANGE_OFFSETS,3,1|3,1,,0,heavy_slash,csv_split_sweep_effects,,0.60,false,eaa71284041b4c8390c32ade11286e16,3ebd5d6967394c2589408f69c2bc5c54,1.1
1,mage_bolt,마법 화살,attack|starter|ranged,FIRST_ENEMY_FORWARD,3,,0,,0,basic_slash,mage_bolt_effects,,0.45,false,ba512e50ddad4231bd6093dd07afc00e,6beb8d728a7d4cca92eb7f4d2d9c45f9,1.0
1,mage_burst,마법 폭발,attack|area|magic,RANGE_OFFSETS,2,1|2,1,,0,heavy_slash,mage_burst_effects,,0.65,false,2a0d72e836fb4862aae83087035f3d2a,598d2d1859e84eaab18ae460a0a1e0a4,1.1
1,piercing_shot,관통 사격,attack|starter|piercing,FIRST_ENEMY_FORWARD,4,,0,,0,basic_slash,piercing_shot_effects,,0.45,false,2ed6be9152eb4bf0b22f4ca6e6fff9fe,84a473e004a34fdea67aa74a87dc75c6,1.0
1,multi_shot,연속 사격,attack|area|piercing,RANGE_OFFSETS,3,1|2|3,1,,0,heavy_slash,multi_shot_effects,,0.65,false,2ed6be9152eb4bf0b22f4ca6e6fff9fe,84a473e004a34fdea67aa74a87dc75c6,1.1
1,double_stab,연속 찌르기,attack|combo|starter,FRONT_CELL,1,,0,,0,basic_slash,double_stab_effects,,0.35,false,0ae88fa494e743158da6ddb81c0c55f2,458e72f0720a4584a9a7fc3642b6e601,0.9
1,cannon_jab,캐넌 펀치,attack|starter,FRONT_CELL,1,,0,,0,basic_slash,cannon_jab_effects,,0.45,false,ed25f442bc3041f5bd1453a2c3c663d3,78221659e0b9479eaf16531ea2a38dc8,1.0
1,knockback_blast,충격탄,attack|control|combo,FRONT_CELL,1,,1,,0,heavy_slash,knockback_blast_effects,,0.55,false,fcb97ab7028247479be0ef51faa5a832,98c9c6875d3a4f72a5628139155e456f,1.0
