SchemaVersion,EffectSetId,StepIndex,EffectType,TargetSelector,Value,ParameterA,ParameterB,ConditionId
1,enemy_basic_attack_effects,1,DAMAGE,FRONT_TARGET,3,SOURCE_BASIC_ATTACK,,
1,brandish_effects,1,DAMAGE,ALL_SKILL_TARGETS,4,,,
1,divine_swing_effects,1,DAMAGE,ALL_SKILL_TARGETS,3,,,
1,spear_pulling_effects,1,DAMAGE,PRIMARY_TARGET,5,,,
1,cold_beam_effects,1,DAMAGE,ALL_SKILL_TARGETS,2,,,
1,thunder_bolt_effects,1,DAMAGE,PRIMARY_TARGET,4,,,
1,flame_orb_effects,1,DAMAGE,PRIMARY_TARGET,4,,,
1,poison_breath_effects,1,DAMAGE,ALL_SKILL_TARGETS,2,,,
1,holy_arrow_effects,1,DAMAGE,PRIMARY_TARGET,3,,,
1,heal_effects,1,HEAL,SELF_UNIT,3,,,
1,piercing_effects,1,DAMAGE,ALL_SKILL_TARGETS,2,,,
1,wind_shot_effects,1,DAMAGE,ALL_SKILL_TARGETS,2,,,
1,cardinal_discharge_effects,1,DAMAGE,PRIMARY_TARGET,4,,,
1,shuriken_burst_effects,1,DAMAGE,ALL_SKILL_TARGETS,3,,,
1,savage_blow_effects,1,DAMAGE,FRONT_TARGET,3,,,
1,fatal_blow_effects,1,DAMAGE,FRONT_TARGET,6,,,
1,magnum_shot_effects,1,DAMAGE,PRIMARY_TARGET,4,,,
1,magnum_shot_effects,2,PUSH,PRIMARY_TARGET,1,,,
1,shock_wave_effects,1,DAMAGE,ALL_SKILL_TARGETS,2,,,
1,shock_wave_effects,2,PUSH,PRIMARY_TARGET,1,,,
1,slug_shot_effects,1,DAMAGE,PRIMARY_TARGET,4,,,
