SchemaVersion,StageId,MapId,SpawnX,SpawnY,Enabled
1,henesys_stage_01,henesys_battle,0,0,true
1,henesys_stage_02,henesys_battle,0,0,true
1,henesys_stage_03,henesys_battle,0,0,true
1,henesys_stage_04,henesys_boss,0,0,true
1,ellinia_stage_01,ellinia_battle,0,0,true
1,ellinia_stage_02,ellinia_battle,0,0,true
1,ellinia_stage_03,ellinia_battle,0,0,true
1,region_kerning_stage_01,kerning_city_battle,0,0,true
1,region_kerning_stage_02,kerning_city_battle,0,0,true
1,region_kerning_stage_03,kerning_city_battle,0,0,true
1,region_04_stage_01,perion_battle,0,0,true
1,region_04_stage_02,perion_battle,0,0,true
1,region_04_stage_03,perion2_battle,0,0,true
1,region_04_stage_04,perion_boss,0,0,true
1,region_kerning_stage_04,kerning_city_boss,0,0,true
1,ellinia_stage_04,ellinia_boss,0,0,true
1,region_06_stage_01,sleepywood_temple_battle,0,0,true
1,region_06_stage_02,sleepywood_temple_battle,0,0,true
1,region_06_stage_03,sleepywood_temple_battle,0,0,true
