WaveTableId,WaveIndex,SpawnTriggerMode,EnemyPoolId,SpawnCount,MaxConcurrent,SpawnSidePolicy,ClearSpawnDelaySeconds,ForceAfterTurns,ForceAfterSeconds,TriggerPhaseIndex
henesys_stage_01_waves,1,LONE_ENEMY,henesys_stage_01_pool,1,2,BALANCED,0.6,3,0,0
henesys_stage_01_waves,2,LONE_ENEMY,henesys_stage_01_pool,1,2,BALANCED,0.6,3,0,0
henesys_stage_01_waves,3,LONE_ENEMY,henesys_stage_01_pool,1,2,BALANCED,0.6,3,0,0
henesys_stage_02_waves,1,LONE_ENEMY,henesys_stage_02_pool,2,2,BALANCED,0.6,3,0,0
henesys_stage_02_waves,2,LONE_ENEMY,henesys_stage_02_pool,2,2,BALANCED,0.6,3,0,0
henesys_stage_02_waves,3,LONE_ENEMY,henesys_stage_02_pool,1,2,BALANCED,0.6,3,0,0
henesys_stage_03_waves,1,LONE_ENEMY,henesys_stage_03_pool,1,2,BALANCED,0.5,3,0,0
henesys_stage_03_waves,2,LONE_ENEMY,henesys_stage_03_pool,1,2,BALANCED,0.5,3,0,0
henesys_stage_03_waves,3,LONE_ENEMY,henesys_stage_03_pool,2,2,BALANCED,0.5,3,0,0
henesys_stage_03_waves,4,LONE_ENEMY,henesys_stage_03_pool,2,2,BALANCED,0.5,3,0,0
henesys_stage_04_waves,1,CLEAR_ONLY,henesys_stage_04_boss_pool,1,4,BALANCED,0.8,0,0,0
ellinia_stage_01_waves,1,LONE_ENEMY,ellinia_stage_01_wave_01_pool,1,2,BALANCED,0.5,3,0,0
ellinia_stage_01_waves,2,LONE_ENEMY,ellinia_stage_01_wave_02_pool,2,2,BALANCED,0.5,3,0,0
ellinia_stage_01_waves,3,LONE_ENEMY,ellinia_stage_01_wave_03_pool,2,2,BALANCED,0.5,3,0,0
ellinia_stage_02_waves,1,TURN_LIMIT,ellinia_stage_02_wave_01_pool,1,3,BALANCED,0.5,3,0,0
ellinia_stage_02_waves,2,TURN_LIMIT,ellinia_stage_02_wave_02_pool,2,3,BALANCED,0.5,3,0,0
ellinia_stage_02_waves,3,TURN_LIMIT,ellinia_stage_02_wave_03_pool,2,3,BALANCED,0.5,3,0,0
ellinia_stage_02_waves,4,TURN_LIMIT,ellinia_stage_02_wave_04_pool,2,3,BALANCED,0.5,3,0,0
ellinia_stage_03_waves,1,TURN_LIMIT,ellinia_stage_03_wave_01_pool,1,3,BALANCED,0.5,3,0,0
ellinia_stage_03_waves,2,TURN_LIMIT,ellinia_stage_03_wave_02_pool,2,3,BALANCED,0.5,3,0,0
ellinia_stage_03_waves,3,TURN_LIMIT,ellinia_stage_03_wave_03_pool,2,3,BALANCED,0.5,3,0,0
ellinia_stage_03_waves,4,TURN_LIMIT,ellinia_stage_03_wave_04_pool,2,3,BALANCED,0.5,3,0,0
region_kerning_stage_01_waves,1,LONE_ENEMY,region_kerning_stirge_pool,2,2,BALANCED,0.6,3,0,0
region_kerning_stage_01_waves,2,LONE_ENEMY,region_kerning_jr_wraith_pool,2,2,BALANCED,0.6,3,0,0
region_kerning_stage_01_waves,3,LONE_ENEMY,region_kerning_wraith_pool,1,2,BALANCED,0.6,3,0,0
region_kerning_stage_02_waves,1,TURN_LIMIT,region_kerning_jr_wraith_pool,2,3,BALANCED,0.55,3,0,0
region_kerning_stage_02_waves,2,TURN_LIMIT,region_kerning_wraith_pool,2,3,BALANCED,0.55,3,0,0
region_kerning_stage_02_waves,3,TURN_LIMIT,region_kerning_shade_pool,2,3,BALANCED,0.55,3,0,0
region_kerning_stage_03_waves,1,TURN_LIMIT,region_kerning_jr_necki_pool,2,3,BALANCED,0.5,3,0,0
region_kerning_stage_03_waves,2,TURN_LIMIT,region_kerning_ligator_pool,2,3,BALANCED,0.5,3,0,0
region_kerning_stage_03_waves,3,TURN_LIMIT,region_kerning_croco_pool,2,3,BALANCED,0.5,3,0,0
region_kerning_stage_03_waves,4,TURN_LIMIT,region_kerning_swamp_mud_pool,1,3,BALANCED,0.5,3,0,0
region_kerning_stage_04_waves,1,CLEAR_ONLY,region_kerning_stage_04_boss_pool,1,4,BALANCED,0.8,0,0,0
region_05_stage_01_waves,1,LONE_ENEMY,region_05_stage_01_pool,1,2,BALANCED,0.6,3,0,0
region_05_stage_01_waves,2,LONE_ENEMY,region_05_stage_01_pool,1,2,BALANCED,0.6,3,0,0
region_05_stage_01_waves,3,LONE_ENEMY,region_05_stage_01_pool,2,2,BALANCED,0.6,3,0,0
region_05_stage_02_waves,1,TURN_LIMIT,region_05_stage_02_pool,1,3,BALANCED,0.6,3,0,0
region_05_stage_02_waves,2,TURN_LIMIT,region_05_stage_02_pool,2,3,BALANCED,0.6,3,0,0
region_05_stage_02_waves,3,TURN_LIMIT,region_05_stage_02_pool,2,3,BALANCED,0.6,3,0,0
region_05_stage_02_waves,4,TURN_LIMIT,region_05_stage_02_pool,2,3,BALANCED,0.6,3,0,0
region_05_stage_03_waves,1,TURN_LIMIT,region_05_stage_03_pool,1,3,BALANCED,0.5,3,0,0
region_05_stage_03_waves,2,TURN_LIMIT,region_05_stage_03_pool,2,3,BALANCED,0.5,3,0,0
region_05_stage_03_waves,3,TURN_LIMIT,region_05_stage_03_pool,2,3,BALANCED,0.5,3,0,0
region_05_stage_03_waves,4,TURN_LIMIT,region_05_stage_03_pool,3,3,BALANCED,0.5,3,0,0
region_05_stage_04_waves,1,CLEAR_ONLY,region_05_stage_04_boss_pool,1,4,BALANCED,0.8,0,0,0
ellinia_stage_04_waves,1,CLEAR_ONLY,ellinia_stage_04_boss_pool,1,4,BALANCED,0.5,0,0,0
region_06_stage_01_waves,1,LONE_ENEMY,region_06_drake_pool,1,2,BALANCED,0.55,3,0,0
region_06_stage_01_waves,2,LONE_ENEMY,region_06_drake_pool,2,2,BALANCED,0.55,3,0,0
region_06_stage_01_waves,3,LONE_ENEMY,region_06_drake_pool,2,2,BALANCED,0.55,3,0,0
region_06_stage_02_waves,1,TURN_LIMIT,region_06_drake_pool,1,3,BALANCED,0.5,3,0,0
region_06_stage_02_waves,2,TURN_LIMIT,region_06_copper_drake_pool,2,3,BALANCED,0.5,3,0,0
region_06_stage_02_waves,3,TURN_LIMIT,region_06_drake_mixed_pool,2,3,BALANCED,0.5,3,0,0
region_06_stage_02_waves,4,TURN_LIMIT,region_06_drake_mixed_pool,2,3,BALANCED,0.5,3,0,0
region_06_stage_03_waves,1,TURN_LIMIT,region_06_drake_mixed_pool,2,3,BALANCED,0.45,3,0,0
region_06_stage_03_waves,2,TURN_LIMIT,region_06_dark_drake_pool,1,3,BALANCED,0.45,3,0,0
region_06_stage_03_waves,3,TURN_LIMIT,region_06_drake_mixed_pool,2,3,BALANCED,0.45,3,0,0
region_06_stage_03_waves,4,TURN_LIMIT,region_06_drake_mixed_pool,2,3,BALANCED,0.45,3,0,0
region_06_stage_04_waves,1,CLEAR_ONLY,region_06_food_cart_boss_pool,2,4,BALANCED,0.7,0,0,0
region_06_stage_05_waves,1,TURN_LIMIT,region_06_wild_kargo_pool,2,3,BALANCED,0.6,3,0,0
region_06_stage_05_waves,2,TURN_LIMIT,region_06_wild_kargo_pool,2,3,BALANCED,0.6,3,0,0
region_06_stage_05_waves,3,TURN_LIMIT,region_06_taurospear_pool,1,3,BALANCED,0.6,3,0,0
region_06_stage_06_waves,1,TURN_LIMIT,region_06_wild_kargo_pool,2,3,BALANCED,0.55,3,0,0
region_06_stage_06_waves,2,TURN_LIMIT,region_06_taurospear_pool,2,3,BALANCED,0.55,3,0,0
region_06_stage_06_waves,3,TURN_LIMIT,region_06_tauromacis_pool,1,3,BALANCED,0.55,3,0,0
region_06_stage_07_waves,1,TURN_LIMIT,region_06_taurospear_pool,2,3,BALANCED,0.5,3,0,0
region_06_stage_07_waves,2,TURN_LIMIT,region_06_tauromacis_pool,2,3,BALANCED,0.5,3,0,0
region_06_stage_07_waves,3,TURN_LIMIT,region_06_tauromacis_pool,1,3,BALANCED,0.5,3,0,0
region_06_stage_08_waves,1,CLEAR_ONLY,region_06_stage_08_boss_pool,1,4,BALANCED,0.8,0,0,0
region_04_stage_01_waves,1,LONE_ENEMY,region_04_axe_pool,2,2,BALANCED,0.6,3,0,0
region_04_stage_01_waves,2,LONE_ENEMY,region_04_axe_pool,2,2,BALANCED,0.6,3,0,0
region_04_stage_01_waves,3,LONE_ENEMY,region_04_boar_pool,2,2,BALANCED,0.6,3,0,0
region_04_stage_01_waves,4,LONE_ENEMY,region_04_boogie_pool,2,2,BALANCED,0.6,3,0,0
region_04_stage_02_waves,1,TURN_LIMIT,region_04_boar_pool,2,3,BALANCED,0.6,3,0,0
region_04_stage_02_waves,2,TURN_LIMIT,region_04_iron_hog_pool,2,3,BALANCED,0.6,3,0,0
region_04_stage_02_waves,3,TURN_LIMIT,region_04_fire_boar_pool,2,3,BALANCED,0.6,3,0,0
region_04_stage_03_waves,1,TURN_LIMIT,region_04_soldier_pool,2,3,BALANCED,0.6,3,0,0
region_04_stage_03_waves,2,TURN_LIMIT,region_04_soldier_pool,2,3,BALANCED,0.6,3,0,0
region_04_stage_03_waves,3,TURN_LIMIT,region_04_skeleton_officer_pool,2,3,BALANCED,0.6,3,0,0
region_04_stage_04_waves,1,CLEAR_ONLY,region_04_boss_pool,1,5,BALANCED,0.6,0,0,0
