SchemaVersion,SkillId,DisplayName,SkillTags,TargetingType,Range,TargetOffsets,CooldownTurns,CostType,CostValue,MotionProfileId,EffectSetId,RequiredJobTag,ActionDuration,FreePlay,CastEffectRuid,HitEffectRuid,EffectScale,WeaponType,ProjectileRuid,ProjectileSpeed,ProjectileScale,ProjectileLaunchDelay,IconRuid,SkillTier,BaseSkillId,CasterMotionRuid,CasterMotionPlayRate,CasterMotionDuration,EnemyQueueTurns,HudIconRuid,ProjectileCount,ProjectileInterval,ProjectileHeight,CastSoundRuid,HitSoundRuid,HudIconBackgroundColor,CellEffectRuid
1,shuriken_burst,슈리켄 버스트,attack|thief|maple|shuriken,FIRST_ENEMY_PIERCE,2,,4,,0,basic_slash,shuriken_burst_effects,thief,0.40,false,a822d3e2f700491898a4b3d93a35cb32,4a8389b9790b40e883e8ad3a767505f2,0.9,CLAW,f4e7fd662db244d79141dc53e7572010,14,0.55,0,826e34ac444542ed81138d8f3c600eb4,1,,,,,,,1,0,0.25,b5103181f05c4a2cbb00325470223367,12f198e089b44969871491668b4df487,,
1,savage_blow,새비지 블로우,attack|thief|maple|starter,FRONT_CELL,1,,3,,0,basic_slash,savage_blow_effects,thief,0.40,false,895ac1e384ea42ca8dd084f54ff3346b,f342e1d9953f46e9ab003ba0e363ee2a,0.45,DAGGER,,0,1,0,5146d54c65864a63b2d86e524e3a0c14,1,,,,,,,1,0,0,4cc1f2f305ce46b69a8c45129e9d0432,b77afdd614194637949c7df3d002fc54,,
1,fatal_blow,페이탈 블로우,attack|thief|maple|heavy,FRONT_CELL,1,,4,,0,heavy_slash,fatal_blow_effects,thief,0.55,false,c5a92a2af0d24fc39be6649fa909a205,23a6d4e7e0c6420d851c7e23d1627cb2,0.9,DUAL_BLADE,,0,1,0,aebb984fec994b1fa493f4ed4e024dbd,1,,,,,,,1,0,0,9a4b0dd7691b43c7afdd7ee247be8537,6ae11ff01029443aa4b9870af951d370,,
1,triple_throw,트리플 스로우,attack|thief|maple|shuriken,RANGE_OFFSETS,2,1|2,4,,0,basic_slash,triple_throw_effects,thief,0.40,false,441b29ba58434239aa3ad729fec99d37,4c42f0632fa249c29b8394c10d7634fe,0.9,CLAW,2fc1bc6b1de741458d3b83227097aa99,14,1.6,0,1f14d3611a4e45528551547f1f1b794b,2,lucky_seven,,,,,,3,0.06,0.25,e736b55d1ab94ad080b571bec3bf5730,,,
1,edge_carnival,엣지 카니발,attack|thief|maple,FRONT_CELL,1,,4,,0,basic_slash,edge_carnival_effects,thief,0.40,false,c28f866bc99841a3baf48d997c3a77e7,5420f6979d1a4f0aa259a7268f67362b,0.9,DAGGER,,0,1,0,4c51f5053c474b0c839ffd6644aa0873,2,savage_blow,,,,,,1,0,0,c6ac595c807c4231947b8b98ca244155,ae31d12c065d403fa2d9782460f787b0,,
1,bloody_storm,블러디 스톰,attack|thief|maple|heavy,FRONT_CELL,1,,4,,0,heavy_slash,bloody_storm_effects,thief,0.55,false,2ddef7f42fc0426c8efb9001ffff2011,ebd689a8e8f84de1ae69da11f1c283d5,0.9,DUAL_BLADE,,0,1,0,2b1773b17bc54bf988b3d1fd1ea4c99c,2,slash_storm,,,,,,1,0,0,00895a285f894dcebbf12cbcb6b1b397,42abae975de04bc7a578fa0199c24b41,,
1,dark_sight,다크 사이트,support|buff|thief|maple|defense,SELF,1,,8,,0,basic_slash,dark_sight_effects,thief,0.50,false,abdf05be0b3e4146a6271c4ee1f3b1b1,,0.9,DAGGER,,0,1,0,0946f69d84464df29b24b94c744c868d,1,,,,,,,1,0,0,be18b6cf4ef54178b6bd2bde33bddd27,,,
1,wind_talisman,윈드 탈리스만,attack|thief|maple|control,RANGE_OFFSETS,2,1|2,4,,0,basic_slash,wind_talisman_effects,thief,0.45,false,90f93be759284a60b0016bb2609934c4,d1192f1a2a5545148e8a4d8d1746b34c,0.9,CLAW,175cd487944a44f2911b08db8f29a383,14,0.9,0,2dbfbe5629b54d4bb23709ff0f996976,1,,,,,,,1,0,0,7ae2463d37e74e77a5a09f3d5eba90e8,282c520ea10548858b3ce2c20448e025,,
1,muspelheim,무스펠 하임,attack|thief|maple|area|mobility,RANGE_OFFSETS,2,1|2,3,,0,basic_slash,muspelheim_effects,thief,0.55,false,15c9678df2124b1f80e7f70ab72967c2,784abcdbe11147edabf3d6eb565da9ef,0.9,DUAL_BLADE,,0,1,0,19361e72087946b1888684185b40d935,1,,,,,,,1,0,0,638873b2bce949febbbf41cfb5e1347a,47437cd74d964d7488c2ddc30b551756,,
1,tornado_spin,토네이도 스핀,attack|thief|maple|area|mobility,RANGE_OFFSETS,2,1|2,3,,0,basic_slash,tornado_spin_effects,thief,0.55,false,e77c26a8ab614fb9af1ebef816501563,4f8fcc1dfb654bdea860c849ae7c5e5f,0.9,DUAL_BLADE,,0,1,0,3072bd7a42d04b83bddc5904cbe9624e,1,,,,,,,1,0,0,7675402bf159438e938c3c3b4ae6afdb,b1096c4f89ae4e058ffe91b88e126b02,,
1,slash_storm,슬래시 스톰,attack|thief|maple|heavy,FRONT_CELL,1,,4,,0,heavy_slash,slash_storm_effects,thief,0.55,false,74f8d58d6b2b4386bd20f7556c4898a1,6ce3e8c3483643c2b4993df78057eb77,0.9,DUAL_BLADE,,0,1,0,a1f571fb695a46baabe8d64aef29a410,1,,,,,,,1,0,0,3a0e45300efd4623addaa0c30ba4cadc,b6065da7c3444f0bbcc63a947f1e7d0d,,
1,lucky_seven,럭키 세븐,attack|thief|maple|ranged|shuriken,RANGE_OFFSETS,2,1|2,3,,0,basic_slash,lucky_seven_effects,thief,0.40,false,0ae88fa494e743158da6ddb81c0c55f2,458e72f0720a4584a9a7fc3642b6e601,0.9,CLAW,2fc1bc6b1de741458d3b83227097aa99,14,1.6,0,46b22e703399431d9ab0987233cac868,1,,,,,,,2,0.06,0.25,879c81c8fc274aea87dc673de48ab5d1,48c2f4049db54b3b88b9144320d3d41a,,
1,venom,베놈,support|buff|thief|maple,SELF,1,,8,,0,basic_slash,venom_effects,thief,0.50,false,96d85c9cf3324eeebc18bdda0f0df0a2|c846c7453ec748a6bfdc73f49929d9c7|640d309986a44046bc1bc5f4b5852474,,0.9,DAGGER,,0,1,0,8776646f5ab043c18d9c38bae47d052b,1,,,,,,,1,0,0,,,,
1,chain_hell,사슬 지옥,attack|thief|maple|control,FIRST_ENEMY_FORWARD,3,,2,,0,basic_slash,chain_hell_effects,thief,0.50,false,0cea446cdab24276b85f6275749460eb,3b62d35c2c4a410aa50ffb5213f8c603,0.9,DAGGER,638fc3c408134c98a588eb3c9a0475f1,14,1,0,655d330278f944f5b284c5d399e35ade,1,,,,,,,1,0,0.25,f7e5fd96856b435c87b5c8e6425b2e65,96f9109ed33e463db02bf993d60244be,,
1,flying_assaulter,플라잉 어썰터,attack|thief|maple|mobility,FRONT_CELL,1,,2,,0,basic_slash,flying_assaulter_effects,thief,0.55,false,983a41e810e44300a4fe51ead9cb1615,1ad96c23efb54a40a2673d3a2a365da1,0.9,DUAL_BLADE,,0,1,0,4a36023c49d6427b998ff449f67ce7b9,1,,,,,,,1,0,0,aa38ba5f0c4f4867b1e82e7ce3b37c69,cf76f30a5e16415e8412ab5fa67bbfba,,
