UpgradeId,Category,DisplayName,Description,EffectType,MaxLevel,BoardRegion,IsMajor,SortOrder
MESO_GAIN_RATE,Growth,메소 획득량,레벨마다 메소 획득량이 5% 증가합니다,MESO_GAIN_RATE,5,GROWTH,false,10
ITEM_DROP_RATE,Growth,아이템 드롭률,레벨마다 아이템 드롭률이 5% 증가합니다,ITEM_DROP_RATE,5,GROWTH,false,20
UNION_POINT_GAIN_RATE,Growth,유니온 포인트 획득량,레벨마다 유니온 포인트 획득량이 5% 증가합니다,UNION_POINT_GAIN_RATE,3,GROWTH,false,30
MAX_HP,Combat,최대 HP,레벨마다 최대 HP가 1 증가합니다,MAX_HP,3,COMBAT,false,40
STARTING_POTION,Combat,시작 포션,레벨마다 런 시작 포션이 1개 증가합니다,STARTING_POTION,2,COMBAT,false,50
AUGMENT_REROLL,Tactics,어그먼트 리롤,레벨마다 어그먼트 리롤 횟수가 1 증가합니다,AUGMENT_REROLL,2,TACTICS,false,60
STARTING_SKILL,Tactics,시작 스킬,런 시작 스킬 슬롯이 1 증가합니다,STARTING_SKILL,1,TACTICS,true,70
INVENTORY_SLOT,Exploration,인벤토리 슬롯,레벨마다 소모품 인벤토리 슬롯이 1 증가합니다,INVENTORY_SLOT,3,EXPLORATION,false,80
STARTING_RANDOM_RELIC,Exploration,시작 랜덤 렐릭,런 시작 시 랜덤 렐릭을 1개 획득합니다,STARTING_RANDOM_RELIC,1,EXPLORATION,true,90
