UpgradeId,Level,Cost,EffectValue,RequiredUnionRank,RequiredUpgradeId,RequiredUpgradeLevel
MESO_GAIN_RATE,1,100,0.05,UNION_II,,0
MESO_GAIN_RATE,2,200,0.10,UNION_II,MESO_GAIN_RATE,1
MESO_GAIN_RATE,3,350,0.15,UNION_II,MESO_GAIN_RATE,2
MESO_GAIN_RATE,4,550,0.20,UNION_III,MESO_GAIN_RATE,3
MESO_GAIN_RATE,5,800,0.25,UNION_IV,MESO_GAIN_RATE,4
ITEM_DROP_RATE,1,100,0.02,UNION_II,,0
ITEM_DROP_RATE,2,225,0.04,UNION_II,ITEM_DROP_RATE,1
ITEM_DROP_RATE,3,400,0.06,UNION_II,ITEM_DROP_RATE,2
ITEM_DROP_RATE,4,650,0.08,UNION_III,ITEM_DROP_RATE,3
ITEM_DROP_RATE,5,950,0.10,UNION_IV,ITEM_DROP_RATE,4
UNION_POINT_GAIN_RATE,1,150,0.05,UNION_II,MESO_GAIN_RATE,2
UNION_POINT_GAIN_RATE,2,350,0.10,UNION_III,UNION_POINT_GAIN_RATE,1
UNION_POINT_GAIN_RATE,3,700,0.15,UNION_IV,UNION_POINT_GAIN_RATE,2
MAX_HP,1,100,1,UNION_III,,0
MAX_HP,2,250,2,UNION_III,MAX_HP,1
MAX_HP,3,500,3,UNION_IV,MAX_HP,2
STARTING_POTION,1,150,1,UNION_III,MAX_HP,1
STARTING_POTION,2,400,2,UNION_IV,STARTING_POTION,1
AUGMENT_REROLL,1,250,1,UNION_IV,,0
AUGMENT_REROLL,2,600,2,UNION_IV,AUGMENT_REROLL,1
STARTING_SKILL,1,1200,1,UNION_V,AUGMENT_REROLL,1
INVENTORY_SLOT,1,150,1,UNION_III,,0
INVENTORY_SLOT,2,350,2,UNION_III,INVENTORY_SLOT,1
INVENTORY_SLOT,3,650,3,UNION_IV,INVENTORY_SLOT,2
STARTING_RANDOM_RELIC,1,1500,1,UNION_V,INVENTORY_SLOT,2
