CellId,GridX,GridY,RegionId,EffectType,EffectValue,BoardTier,IsCore,SpecialZoneId,VisualCellName,SortOrder
CELL_XN03_YP04,-3,4,GROWTH,,0,5,false,,Cell_01_01,10
CELL_XN02_YP04,-2,4,GROWTH,,0,5,false,,Cell_01_02,20
CELL_XN01_YP04,-1,4,GROWTH,,0,4,false,,Cell_01_03,30
CELL_XZ00_YP04,0,4,GROWTH,,0,4,false,,Cell_01_04,40
CELL_XP01_YP04,1,4,GROWTH,,0,5,false,,Cell_01_05,50
CELL_XP02_YP04,2,4,GROWTH,,0,5,false,,Cell_01_06,60
CELL_XN04_YP03,-4,3,GROWTH,,0,4,false,,Cell_01_07,70
CELL_XN03_YP03,-3,3,GROWTH,,0,4,false,,Cell_01_08,80
CELL_XN02_YP03,-2,3,GROWTH,,0,4,false,,Cell_01_09,90
CELL_XN01_YP03,-1,3,GROWTH,,0,3,false,,Cell_01_10,100
CELL_XZ00_YP03,0,3,GROWTH,,0,3,false,,Cell_01_11,110
CELL_XP01_YP03,1,3,GROWTH,,0,3,false,,Cell_01_12,120
CELL_XP02_YP03,2,3,GROWTH,,0,4,false,,Cell_02_01,130
CELL_XP03_YP03,3,3,GROWTH,,0,4,false,,Cell_02_02,140
CELL_XN05_YP02,-5,2,GROWTH,,0,5,false,,Cell_02_03,150
CELL_XN04_YP02,-4,2,GROWTH,,0,4,false,,Cell_02_04,160
CELL_XN03_YP02,-3,2,GROWTH,,0,3,false,,Cell_02_05,170
CELL_XN02_YP02,-2,2,GROWTH,,0,2,false,,Cell_02_06,180
CELL_XN01_YP02,-1,2,GROWTH,,0,2,false,,Cell_02_07,190
CELL_XZ00_YP02,0,2,GROWTH,,0,2,false,,Cell_02_08,200
CELL_XP01_YP02,1,2,GROWTH,,0,2,false,,Cell_02_09,210
CELL_XP02_YP02,2,2,GROWTH,,0,3,false,,Cell_02_10,220
CELL_XP03_YP02,3,2,GROWTH,,0,4,false,,Cell_02_11,230
CELL_XP04_YP02,4,2,GROWTH,,0,5,false,,Cell_02_12,240
CELL_XN06_YP01,-6,1,GROWTH,,0,5,false,,Cell_03_01,250
CELL_XN05_YP01,-5,1,GROWTH,,0,5,false,,Cell_03_02,260
CELL_XN04_YP01,-4,1,GROWTH,,0,4,false,,Cell_03_03,270
CELL_XN03_YP01,-3,1,GROWTH,,0,3,false,,Cell_03_04,280
CELL_XN02_YP01,-2,1,GROWTH,,0,1,false,,Cell_03_05,290
CELL_XN01_YP01,-1,1,GROWTH,,0,1,false,,Cell_03_06,300
CELL_XZ00_YP01,0,1,GROWTH,,0,1,false,,Cell_03_07,310
CELL_XP01_YP01,1,1,GROWTH,,0,2,false,,Cell_03_08,320
CELL_XP02_YP01,2,1,GROWTH,,0,3,false,,Cell_03_09,330
CELL_XP03_YP01,3,1,GROWTH,,0,4,false,,Cell_03_10,340
CELL_XP04_YP01,4,1,GROWTH,,0,5,false,,Cell_03_11,350
CELL_XP05_YP01,5,1,GROWTH,,0,5,false,,Cell_03_12,360
CELL_XN06_YZ00,-6,0,COMBAT,,0,5,false,,Cell_04_01,370
CELL_XN05_YZ00,-5,0,COMBAT,,0,5,false,,Cell_04_02,380
CELL_XN04_YZ00,-4,0,COMBAT,MAX_HP,1,1,false,,Cell_04_03,390
CELL_XN03_YZ00,-3,0,COMBAT,MAX_HP,1,1,false,,Cell_04_04,400
CELL_XN02_YZ00,-2,0,COMBAT,MAX_HP,1,1,false,,Cell_04_05,410
CELL_XN01_YZ00,-1,0,CORE,,0,1,true,,Cell_04_06,420
CELL_XZ00_YZ00,0,0,CORE,,0,1,true,,Cell_04_07,430
CELL_XP01_YZ00,1,0,EXPLORATION,,0,1,false,,Cell_04_08,440
CELL_XP02_YZ00,2,0,EXPLORATION,,0,2,false,,Cell_04_09,450
CELL_XP03_YZ00,3,0,EXPLORATION,,0,3,false,,Cell_04_10,460
CELL_XP04_YZ00,4,0,EXPLORATION,,0,5,false,,Cell_04_11,470
CELL_XP05_YZ00,5,0,EXPLORATION,,0,5,false,,Cell_04_12,480
CELL_XN06_YN01,-6,-1,COMBAT,,0,5,false,,Cell_05_01,490
CELL_XN05_YN01,-5,-1,COMBAT,,0,5,false,,Cell_05_02,500
CELL_XN04_YN01,-4,-1,COMBAT,,0,3,false,,Cell_05_03,510
CELL_XN03_YN01,-3,-1,COMBAT,,0,2,false,,Cell_05_04,520
CELL_XN02_YN01,-2,-1,COMBAT,,0,1,false,,Cell_05_05,530
CELL_XN01_YN01,-1,-1,CORE,,0,1,true,,Cell_05_06,540
CELL_XZ00_YN01,0,-1,CORE,,0,1,true,,Cell_05_07,550
CELL_XP01_YN01,1,-1,EXPLORATION,,0,1,false,,Cell_05_08,560
CELL_XP02_YN01,2,-1,EXPLORATION,,0,1,false,,Cell_05_09,570
CELL_XP03_YN01,3,-1,EXPLORATION,,0,1,false,,Cell_05_10,580
CELL_XP04_YN01,4,-1,EXPLORATION,,0,5,false,,Cell_05_11,590
CELL_XP05_YN01,5,-1,EXPLORATION,,0,5,false,,Cell_05_12,600
CELL_XN06_YN02,-6,-2,TACTICS,,0,5,false,,Cell_06_01,610
CELL_XN05_YN02,-5,-2,TACTICS,,0,5,false,,Cell_06_02,620
CELL_XN04_YN02,-4,-2,TACTICS,,0,4,false,,Cell_06_03,630
CELL_XN03_YN02,-3,-2,TACTICS,,0,3,false,,Cell_06_04,640
CELL_XN02_YN02,-2,-2,TACTICS,,0,2,false,,Cell_06_05,650
CELL_XN01_YN02,-1,-2,TACTICS,,0,1,false,,Cell_06_06,660
CELL_XZ00_YN02,0,-2,TACTICS,,0,1,false,,Cell_06_07,670
CELL_XP01_YN02,1,-2,TACTICS,,0,1,false,,Cell_06_08,680
CELL_XP02_YN02,2,-2,TACTICS,,0,3,false,,Cell_06_09,690
CELL_XP03_YN02,3,-2,TACTICS,,0,4,false,,Cell_06_10,700
CELL_XP04_YN02,4,-2,TACTICS,,0,5,false,,Cell_06_11,710
CELL_XP05_YN02,5,-2,TACTICS,,0,5,false,,Cell_06_12,720
CELL_XN05_YN03,-5,-3,TACTICS,,0,5,false,,Cell_07_01,730
CELL_XN04_YN03,-4,-3,TACTICS,,0,4,false,,Cell_07_02,740
CELL_XN03_YN03,-3,-3,TACTICS,,0,3,false,,Cell_07_03,750
CELL_XN02_YN03,-2,-3,TACTICS,,0,2,false,,Cell_07_04,760
CELL_XN01_YN03,-1,-3,TACTICS,,0,2,false,,Cell_07_05,770
CELL_XZ00_YN03,0,-3,TACTICS,,0,2,false,,Cell_07_06,780
CELL_XP01_YN03,1,-3,TACTICS,,0,2,false,,Cell_07_07,790
CELL_XP02_YN03,2,-3,TACTICS,,0,3,false,,Cell_07_08,800
CELL_XP03_YN03,3,-3,TACTICS,,0,4,false,,Cell_07_09,810
CELL_XP04_YN03,4,-3,TACTICS,,0,5,false,,Cell_07_10,820
CELL_XN04_YN04,-4,-4,TACTICS,,0,4,false,,Cell_07_11,830
CELL_XN03_YN04,-3,-4,TACTICS,,0,4,false,,Cell_07_12,840
CELL_XN02_YN04,-2,-4,TACTICS,,0,3,false,,Cell_08_01,850
CELL_XN01_YN04,-1,-4,TACTICS,,0,3,false,,Cell_08_02,860
CELL_XZ00_YN04,0,-4,TACTICS,,0,3,false,,Cell_08_03,870
CELL_XP01_YN04,1,-4,TACTICS,,0,4,false,,Cell_08_04,880
CELL_XP02_YN04,2,-4,TACTICS,,0,4,false,,Cell_08_05,890
CELL_XP03_YN04,3,-4,TACTICS,,0,4,false,,Cell_08_06,900
CELL_XN03_YN05,-3,-5,TACTICS,,0,5,false,,Cell_08_07,910
CELL_XN02_YN05,-2,-5,TACTICS,,0,5,false,,Cell_08_08,920
CELL_XN01_YN05,-1,-5,TACTICS,,0,4,false,,Cell_08_09,930
CELL_XZ00_YN05,0,-5,TACTICS,,0,4,false,,Cell_08_10,940
CELL_XP01_YN05,1,-5,TACTICS,,0,5,false,,Cell_08_11,950
CELL_XP02_YN05,2,-5,TACTICS,,0,5,false,,Cell_08_12,960
