StatId,Level,PointCost,EffectValue,RequiredUnionRank,SortOrder
MAX_HP,1,1,1,UNION_I,10
MAX_HP,2,1,2,UNION_I,20
MAX_HP,3,1,3,UNION_I,30
MAX_HP,4,1,4,UNION_I,40
MAX_HP,5,1,5,UNION_I,50
MESO_GAIN_RATE,1,1,0.05,UNION_I,60
MESO_GAIN_RATE,2,1,0.10,UNION_I,70
MESO_GAIN_RATE,3,1,0.15,UNION_I,80
MESO_GAIN_RATE,4,1,0.20,UNION_I,90
MESO_GAIN_RATE,5,1,0.25,UNION_I,100
ITEM_DROP_RATE,1,1,0.05,UNION_I,110
ITEM_DROP_RATE,2,1,0.10,UNION_I,120
ITEM_DROP_RATE,3,1,0.15,UNION_I,130
ITEM_DROP_RATE,4,1,0.20,UNION_I,140
ITEM_DROP_RATE,5,1,0.25,UNION_I,150
UNION_COIN_GAIN_RATE,1,1,0.05,UNION_I,160
UNION_COIN_GAIN_RATE,2,1,0.10,UNION_I,170
UNION_COIN_GAIN_RATE,3,1,0.15,UNION_I,180
UNION_COIN_GAIN_RATE,4,1,0.20,UNION_I,190
UNION_COIN_GAIN_RATE,5,1,0.25,UNION_I,200
STARTING_POTION,1,1,1,UNION_II,210
INVENTORY_SLOT,1,1,1,UNION_II,220
INVENTORY_SLOT,2,1,2,UNION_II,230
AUGMENT_REROLL,1,1,1,UNION_III,240
AUGMENT_REROLL,2,1,2,UNION_III,250
STARTING_SKILL,1,1,1,UNION_IV,260
STARTING_RANDOM_RELIC,1,1,1,UNION_V,270
ADDITIONAL_SKILL_UNLOCK,1,1,1,UNION_V,280
