StatId,Category,DisplayName,Description,EffectType,MaxLevel,RequiredUnionRank,IsImplemented,SortOrder
MAX_HP,BASIC,최대 체력,레벨마다 최대 체력이 1 증가합니다,MAX_HP,5,UNION_I,true,10
MESO_GAIN_RATE,BASIC,메소 획득량,레벨마다 메소 획득량이 5% 증가합니다,MESO_GAIN_RATE,5,UNION_I,true,20
ITEM_DROP_RATE,BASIC,아이템 드롭률,레벨마다 아이템 드롭률이 2%p 증가합니다 (최대 10%p),ITEM_DROP_RATE,5,UNION_I,true,30
UNION_COIN_GAIN_RATE,BASIC,유니온 코인 획득량,레벨마다 유니온 코인 획득량이 5% 증가합니다,UNION_POINT_GAIN_RATE,5,UNION_I,true,40
STARTING_POTION,EXPANDED,시작 포션,런 시작 시 체력 포션을 1개 추가로 획득합니다,STARTING_POTION,1,UNION_II,true,50
INVENTORY_SLOT,EXPANDED,인벤토리 슬롯,레벨마다 소모품 인벤토리 슬롯이 1 증가합니다,INVENTORY_SLOT,2,UNION_II,true,60
AUGMENT_REROLL,EXPANDED,어그먼트 리롤,레벨마다 어그먼트 리롤 횟수가 1 증가합니다,AUGMENT_REROLL,2,UNION_III,true,70
STARTING_SKILL,EXPANDED,시작 스킬,런 시작 스킬 슬롯이 1 증가합니다,STARTING_SKILL,1,UNION_IV,true,80
STARTING_RANDOM_RELIC,EXPANDED,시작 랜덤 렐릭,런 시작 시 랜덤 렐릭을 1개 추가로 획득합니다,STARTING_RANDOM_RELIC,1,UNION_V,false,90
ADDITIONAL_SKILL_UNLOCK,EXPANDED,추가 스킬 해금,추가 스킬 해금 기능을 1회 제공합니다,ADDITIONAL_SKILL_UNLOCK,1,UNION_V,false,100
