SchemaVersion,WeaponType,DisplayName,EquipSlot,WeaponRuid,Enabled,SubWeaponRuid
1,ONE_HANDED_SWORD,한손검,ONE_HANDED,9edfb2ac8d4948ae9d6d789c99e0b966,true,
1,TWO_HANDED_SWORD,두손검,TWO_HANDED,88e6d4f9c00b407fa2be9d6aaafab276,true,
1,SPEAR,창,TWO_HANDED,dcaddf14378045cdbc6f512fa1a29d39,true,
1,POLEARM,폴암,TWO_HANDED,6793fd362572482f8adc6494f0f0cf60,true,
1,BOW,활,TWO_HANDED,67ce4147813d49f5975917ee86777950,true,
1,CROSSBOW,석궁,TWO_HANDED,8601845b98014cec9b336041be103015,true,
1,WAND,완드,ONE_HANDED,061712eadf7d4357a6c306dfd5368860,true,
1,STAFF,스태프,TWO_HANDED,cf6e8a42aea546f2a9214cec111b45c3,true,
1,DAGGER,단검,ONE_HANDED,11ccce1ca9224050897b2d59fe14a3bf,true,
1,CLAW,아대,ONE_HANDED,c80eb7c8ad1f45988e6d74b1c95a0b13,true,
1,GUN,건,ONE_HANDED,47edb363e008469e8bf68ab6737c9e51,true,
1,KNUCKLE,너클,ONE_HANDED,40a490c4422245a2b348221996c6a172,true,
1,CANNON,캐논,TWO_HANDED,a18674b1d0cf47239721f7b11dd243c6,true,
1,DUAL_BLADE,단검+블레이드,ONE_HANDED,11ccce1ca9224050897b2d59fe14a3bf,true,c4354fa05d26418cafc4a23558582b99
